Tata Consultancy Services,Java Developer with AWS,https://www.linkedin.com/jobs/view/4101982985/,,Chennai,2025-03-07 12:58:16.409575
Zemoso Technologies,Java Software Engineer,https://www.linkedin.com/jobs/view/4175854475/,,Chennai,2025-03-07 13:08:33.675245
nineDots.io,Java Software Engineer,https://www.linkedin.com/jobs/view/4148722992/,,Chennai,2025-03-07 13:16:40.233529
nineDots.io,Java Software Engineer,https://www.linkedin.com/jobs/view/4148722992/,,Chennai,2025-03-07 15:08:05.525531
nineDots.io,Java Software Engineer,https://www.linkedin.com/jobs/view/4148722992/,,Chennai,2025-03-07 16:01:49.609852
nineDots.io,Java Software Engineer,https://www.linkedin.com/jobs/view/4148722992/,,Chennai,2025-03-07 16:04:27.913530
,,,,Chennai,2025-03-07 16:04:33.541973
,,,,Chennai,2025-03-07 16:04:39.040264
,,,,Chennai,2025-03-07 16:04:44.731987
,,,,Chennai,2025-03-07 16:04:51.745009
,,,,Chennai,2025-03-07 16:04:58.148141
,,,,Chennai,2025-03-07 16:05:04.838715
,,,,Chennai,2025-03-07 16:05:10.874312
,,,,Chennai,2025-03-07 16:05:17.957263
,,,,Chennai,2025-03-07 16:05:23.105447
,,,,Chennai,2025-03-07 16:05:29.863783
,,,,Chennai,2025-03-07 16:05:35.274139
,,,,Chennai,2025-03-07 16:05:41.064036
,,,,Chennai,2025-03-07 16:05:47.908683
,,,,Chennai,2025-03-07 16:05:53.737801
,,,,Chennai,2025-03-07 16:05:59.060601
,,,,Chennai,2025-03-07 16:06:05.001006
,,,,Chennai,2025-03-07 16:06:10.756617
,,,,Chennai,2025-03-07 16:06:16.186161
,,,,Chennai,2025-03-07 16:06:22.695647
,,,,Chennai,2025-03-07 16:06:28.403799
,,,,Chennai,2025-03-07 16:06:35.442048
Zemoso Technologies,Java Software Engineer,https://www.linkedin.com/jobs/view/4175854475/,,Chennai,2025-03-07 16:18:55.603776
Golden Opportunities,SA-Java fullstack developer(react/Angular/Node)+Aws - GO/JC/20961/2025,https://www.linkedin.com/jobs/view/4154766661/,,Chennai,2025-03-07 16:20:17.435464
Bahwan CyberTek,Software Trainee/Intern,https://www.linkedin.com/jobs/view/3994020068/,,Chennai,2025-03-07 16:22:18.536340
Bahwan CyberTek,Intern,https://www.linkedin.com/jobs/view/3994019131/,,Chennai,2025-03-07 16:34:15.517893
Tata Consultancy Services,Java sprinboot Developer,https://www.linkedin.com/jobs/view/4148092951/,,Chennai,2025-03-07 16:35:43.245883
